arquivo,erro
AGD_(Deb._7ª_Emissão_Raizen)_-_Procuração_Base_-_26.03.23.docx_141.pdf,CPF não encontrado
AGD_(Deb._7ª_Emissão_Raizen)_-_Procuração_Base_-_26.03.23.docx_37.pdf,CPF não encontrado
20.pdf,CPF não encontrado
AGD_(Deb._7ª_Emissão_Raizen)_-_Procuração_Base_-_26.03.23.docx_35.pdf,CPF não encontrado
AGD_(Deb._7ª_Emissão_Raizen)_-_Procuração_Base_-_26.03.23.docx_65.pdf,CPF não encontrado
AGD_(Deb._7ª_Emissão_Raizen)_-_Procuração_Base_-_26.03.23.docx_89.pdf,CPF não encontrado
AGD_(Deb._7ª_Emissão_Raizen)_-_Procuração_Base_-_26.03.23.docx_99.pdf,CPF não encontrado
AGD_(Deb._7ª_Emissão_Raizen)_-_Procuração_Base_-_26.03.23.docx_126.pdf,CPF não encontrado
AGD_(Deb._7ª_Emissão_Raizen)_-_Procuração_Base_-_26.03.23.docx_128.pdf,CPF não encontrado
AGD_(Deb._7ª_Emissão_Raizen)_-_Procuração_Base_-_26.03.23.docx_138.pdf,CPF não encontrado
AGD_(Deb._7ª_Emissão_Raizen)_-_Procuração_Base_-_26.03.23.docx_145.pdf,CPF não encontrado
AGD_(Deb._7ª_Emissão_Raizen)_-_Procuração_Base_-_26.03.23.docx_8.pdf,CPF não encontrado
AGD_(Deb._7ª_Emissão_Raizen)_-_Procuração_Base_-_26.03.23.docx_93.pdf,CPF não encontrado
AGD_(Deb._7ª_Emissão_Raizen)_-_Procuração_Base_-_26.03.23.docx_140.pdf,CPF não encontrado
AGD_(Deb._7ª_Emissão_Raizen)_-_Procuração_Base_-_26.03.23.docx_194.pdf,CPF não encontrado
AGD_(Deb._7ª_Emissão_Raizen)_-_Procuração_Base_-_26.03.23.docx_68.pdf,CPF não encontrado
110.pdf,CPF não encontrado
AGD_(Deb._7ª_Emissão_Raizen)_-_Procuração_Base_-_26.03.23.docx_25.pdf,CPF não encontrado
AGD_(Deb._7ª_Emissão_Raizen)_-_Procuração_Base_-_26.03.23.docx_40.pdf,CPF não encontrado
39.pdf,CPF não encontrado
60.pdf,CPF não encontrado
62.pdf,CPF não encontrado
68.pdf,CPF não encontrado
dnjsfuin8ugf13g541+998g4wgf.pdf,CPF não encontrado
vvre0a4g19fr498g6p5iht.pdf,CPF não encontrado
dnjsfuin8ugf13g541+998g4wgf.pdf,CPF não encontrado
vvre0a4g19fr498g6p5iht.pdf,CPF não encontrado
vvre0a4g19fr498g6p5iht.pdf,CPF não encontrado
"041.367.141-06 - A, MM, AB, NV, A, A.pdf",CPF não encontrado
vvre0a4g19fr498g6p5iht.pdf,CPF não encontrado
